{
  "music_vol": 0.2423076923076923,
  "sfx_vol": 0.5115384615384615,
  "fullscreen": false
}